1,7,7/7/2020 0:00:00,
2,7,9/7/2020 0:00:00,
3,7,9/7/2020 0:00:00,
4,7,9/7/2020 0:00:00,
5,7,9/7/2020 0:00:00,
6,9,10/10/2020 0:00:00,
7,9,10/10/2020 0:00:00,
8,9,10/10/2020 0:00:00,
9,11,8/21/2020 0:00:00,
10,11,8/21/2020 0:00:00,
11,11,8/21/2020 0:00:00,
12,6,3/16/2021 18:42:42,
13,7,3/16/2021 18:42:50,
14,8,3/16/2021 18:42:54,
15,9,3/16/2021 18:42:58,
16,10,3/16/2021 18:43:04,
17,11,3/16/2021 18:43:09,
18,7,3/16/2021 18:43:11,
19,7,3/16/2021 18:43:32,
20,7,3/16/2021 18:43:35,
21,7,3/16/2021 18:43:37,
22,6,4/26/2021 16:42:16,
23,7,4/26/2021 16:42:23,
24,8,4/26/2021 16:42:28,
25,9,4/26/2021 16:42:31,
26,10,4/26/2021 16:42:34,
27,11,4/26/2021 16:42:38,
