1,6,5,9/20/2020 0:00:00
3,5,6,9/20/2020 0:00:00
4,1,3,9/20/2020 0:00:00
5,2,4,9/20/2020 0:00:00
6,4,8,9/25/2020 0:00:00
7,7,9,9/25/2020 0:00:00
8,8,1,9/25/2020 0:00:00
9,9,10,9/25/2020 0:00:00
10,10,11,10/1/2020 0:00:00
12,11,12,10/1/2020 0:00:00
15,12,17,3/16/2021 18:49:30
16,18,18,3/16/2021 23:22:38
17,19,19,3/16/2021 23:23:09
18,3,13,4/26/2021 16:43:51
19,13,21,4/26/2021 16:44:53
20,16,25,4/26/2021 16:45:11
21,14,27,4/26/2021 16:45:31
22,15,20,4/26/2021 16:45:45
23,17,22,4/26/2021 16:46:04
24,20,23,4/26/2021 16:46:11
25,21,29,4/26/2021 16:46:20
26,22,24,4/26/2021 16:46:35
